,job_title,company_name,location,summary,duration_since_post,apply_link
1,"Software Engineering Intern, Summer 2020",Google,Sydney NSW,"Google is and always will be an engineering company.Research, conceive and develop software applications to extend and improve on Google's product offering.",3 days ago,https://au.indeed.com/rc/clk?jk=d7b69b8fb671b13e&from=vj&pos=bottom&sjdu=76Cn2YAIPzFIwtaQqpG01IDDplm6SwWjHcxyoDIphKlqbNb2B1zE0ah8M82V1ogkkN0wkll9wDHc3mnStM4Hmg
2,Expression of Interest (Software Engineering Internship Summer 2020/2021),Canva,Sydney NSW,"You will get the opportunity to learn and apply best-practice software engineering, focused on strong software engineering fundamentals and pragmatism.",24 days ago,https://au.indeed.com/rc/clk?jk=fa1d10c6acd7cb08&from=vj&pos=bottom&sjdu=76Cn2YAIPzFIwtaQqpG01IDDplm6SwWjHcxyoDIphKmblPm6uobKwpti3Ubpgmy9kN0wkll9wDHc3mnStM4Hmg
3,IT Engineer (Intern) - Australia,Cisco Systems,St Leonards NSW,"You would play a crucial role in driving next-gen software innovations including cloud, mobile, desktop or security spaces.Duration: 6 months - July - Jan.",27 days ago,https://au.indeed.com/rc/clk?jk=bb5a931cb455b6f9&from=vj&pos=bottom&sjdu=76Cn2YAIPzFIwtaQqpG01IDDplm6SwWjHcxyoDIphKnhNjkSJaNkctn3ogG6YWENkN0wkll9wDHc3mnStM4Hmg
4,Internship Opportunity: Software Engineering (Neuro),LivaNova,Gosnells WA,"Robust software design methodology including software architecture development, unit testing, and integration testing.Areas interns will be exposed to:",20 days ago,https://au.indeed.com/rc/clk?jk=d87b28422eadadd5&from=vj&pos=bottom&sjdu=76Cn2YAIPzFIwtaQqpG01IDDplm6SwWjHcxyoDIphKlLVy_v8YBJV1fRzRk83-U3kN0wkll9wDHc3mnStM4Hmg
5,Digital Intern,Glasshat,Sydney NSW,"Software engineering background with relevant Tertiary degree in computer science, computer engineering or other related fields.",30+ days ago,https://au.indeed.com/rc/clk?jk=0ce43c11c5891c45&fccid=ab13f8bb5dbcfc87&vjs=3
6,"Development Internship - Python, Summer 2020/2021",Akuna Capital,Sydney NSW,"We offer a team-based approach to trading and software engineering, believing that productive integration of the two groups is vital for success in this…",30+ days ago,https://au.indeed.com/rc/clk?jk=ef0bc444790d1dea&from=vj&pos=bottom&sjdu=76Cn2YAIPzFIwtaQqpG01IDDplm6SwWjHcxyoDIphKlHxBlOlNySNY6jg2AGKZXSkN0wkll9wDHc3mnStM4Hmg
7,System Development Engineer Intern,AWS Australia Pty Ltd,Sydney NSW,Drive best practices and engineering excellence.Work in an agile environment to deliver high quality software.,30+ days ago,https://au.indeed.com/rc/clk?jk=ebe8b8bae32d6583&from=vj&pos=bottom&sjdu=76Cn2YAIPzFIwtaQqpG01IDDplm6SwWjHcxyoDIphKnslIj-NAmWqdfQPPwC5-9VkN0wkll9wDHc3mnStM4Hmg
8,"Development Internship - User Interface (C#, Web) - Summer 2020/2021",Akuna Capital,Sydney NSW,"As a Development Intern on the UI Team, you'll be part of a knowledgeable, collaborative, and motivated engineering team made up of both C# and Web Developers.",30+ days ago,https://au.indeed.com/rc/clk?jk=85be7f14cf576f8e&from=vj&pos=bottom&sjdu=76Cn2YAIPzFIwtaQqpG01IDDplm6SwWjHcxyoDIphKnTz_vMI_MP3__DBVRD85QGkN0wkll9wDHc3mnStM4Hmg
9,IT Intern,Cardno,Tangambalanga VIC,Troubleshoot and repair Microsoft Office software problems.The accepted intern will have exposure in the following areas:,30+ days ago,https://au.indeed.com/rc/clk?jk=25242c4ad1812989&from=vj&pos=bottom&sjdu=76Cn2YAIPzFIwtaQqpG01IDDplm6SwWjHcxyoDIphKmPq2gTm3f06qvpaXOPlClikN0wkll9wDHc3mnStM4Hmg
10,Asset Management and Support Internship - Sydney,IBM,Sydney NSW,This is a great opportunity for you to further develop your technical skills in either the hardware or software and development space.To be eligible to apply:,10 days ago,https://au.indeed.com/rc/clk?jk=0795ce813d3f1f4f&from=vj&pos=bottom&sjdu=76Cn2YAIPzFIwtaQqpG01IDDplm6SwWjHcxyoDIphKlZvjbZ5JbDd-oI8Dfz_5RAkN0wkll9wDHc3mnStM4Hmg
11,"Development Internship - C++, Summer 2020/2021",Akuna Capital,Sydney NSW,"We offer a team-based approach to trading and software engineering, believing that productive integration of the two groups is vital for success in this…",30+ days ago,https://au.indeed.com/rc/clk?jk=3f835991f558c90c&from=vj&pos=bottom&sjdu=76Cn2YAIPzFIwtaQqpG01IDDplm6SwWjHcxyoDIphKnlL93WRfedMxEkXq_0ZUWFkN0wkll9wDHc3mnStM4Hmg
12,Internship Opportunity: Firmware Engineering (Neuro),LivaNova,Kelmscott WA,Areas interns will be exposed to:Do work that matters by putting your signature in software that drastically improves lives.,19 days ago,https://au.indeed.com/rc/clk?jk=2554fbaa726d6ad0&from=vj&pos=bottom&sjdu=76Cn2YAIPzFIwtaQqpG01IDDplm6SwWjHcxyoDIphKmfXtYguQ-CYEeXyVZfoljtkN0wkll9wDHc3mnStM4Hmg
13,Engineering Internships,4Data,Narrabundah ACT,Performing interns are then offered full time employment at the completion of your studies.4Data will provide casual work arrangements that cater for…,30+ days ago,https://au.indeed.com/rc/clk?jk=44cd9c5967a29b0e&fccid=fde2649682a64468&vjs=3
14,Site Engineer,PCL Construction,New South Wales,Working knowledge of Microsoft Office Suite and construction-related software.Mentors and coaches’ students/interns specifically to solar work and management.,30+ days ago,https://au.indeed.com/rc/clk?jk=7155a7b4a1e93f79&from=vj&pos=bottom&sjdu=76Cn2YAIPzFIwtaQqpG01IDDplm6SwWjHcxyoDIphKkc8PKcfzYDG3or4JHCgIKAkN0wkll9wDHc3mnStM4Hmg
15,Contracts Administrator,PCL Construction,New South Wales,"Mentors project Site Engineers and students/interns.Ability to create and manage a comprehensive schedule using P6 software.: Jan 28, 2020, 6:33:28 PM.",30+ days ago,https://au.indeed.com/rc/clk?jk=6f3f4a4a1a7e1c87&from=vj&pos=bottom&sjdu=76Cn2YAIPzFIwtaQqpG01IDDplm6SwWjHcxyoDIphKnEo0B5XzYcJaQt-x_8SNkykN0wkll9wDHc3mnStM4Hmg
16,"Privacy and Civil Liberties Software Engineer, Internship",Palantir Technologies,Melbourne VIC,"Examples of past intern projects include:At Palantir, we’re passionate about building software that solves problems.",30+ days ago,https://au.indeed.com/rc/clk?jk=36ec28ba0be60f0a&from=vj&pos=bottom&sjdu=76Cn2YAIPzFIwtaQqpG01IDDplm6SwWjHcxyoDIphKmnC6sVthq_MVlAwa1G7_AHkN0wkll9wDHc3mnStM4Hmg
17,Intern Electrical Engineer,Reesby.com.au,Melbourne VIC,"As an intern, you will have completed your second or third year in electrical/electronic engineering and be ready for industry experience.",20 days ago,https://au.indeed.com/company/Reesby.com.au/jobs/Intern-Electrical-Engineer-c4a06d1b13f34314?fccid=48279da2a390c6d7&vjs=3
18,Research Scientist - Health AI Research Staff Member - Melbourne,IBM,Melbourne VIC,"The candidate will supervise postdoctoral researchers and interns.Candidates will be joining a team of researchers and software engineers to conceive, research…",30+ days ago,https://au.indeed.com/rc/clk?jk=78ae9c14f9dae613&from=vj&pos=bottom&sjdu=76Cn2YAIPzFIwtaQqpG01IDDplm6SwWjHcxyoDIphKngB6_yg4GyF9YZgBiujL75kN0wkll9wDHc3mnStM4Hmg
19,Software Engineering Tech Lead,Bluefin Resources,Melbourne VIC,Providing hands-on technical leadership for one or more engineering squads.This had led to the need for a number of Senior Engineering Leads to join the…,17 days ago,https://au.indeed.com/rc/clk?jk=9c91268fc00d4cf1&fccid=22e6782d3766aa04&vjs=3
20,Project Controls Supervisor Job,CONFERSOLU,Onslow WA,"Must have experience with onscreen take-off software.Position Description: Manage, evaluate and assess information necessary to construct the project on time,…",30+ days ago,https://au.indeed.com/rc/clk?jk=5778e316b96826df&from=vj&pos=bottom&sjdu=76Cn2YAIPzFIwtaQqpG01IDDplm6SwWjHcxyoDIphKm_rVahJovz46r6yGH3OmjSkN0wkll9wDHc3mnStM4Hmg
21,Project Controls Supervisor,Comhar Group,Onslow WA,"Must have experience with onscreen take-off software.Position Description: Manage, evaluate and assess information necessary to construct the project on time,…",30+ days ago,https://au.indeed.com/rc/clk?jk=b62ca36a35bf721d&from=vj&pos=bottom&sjdu=krgJp-ZrSt5a47rY9uN97iOk_TeDuNtr9ZWzPM9HKdRaiwzJMfrdYshYH09npUcu
